account_number,username,email,password_plain,daily_limit,monthly_limit,account_status
1,darkgpt_user_001,user001@example.com,REPLACE_PASSWORD_001,25,250,active
2,darkgpt_user_002,user002@example.com,REPLACE_PASSWORD_002,25,250,active
3,darkgpt_user_003,user003@example.com,REPLACE_PASSWORD_003,25,250,active
4,darkgpt_user_004,user004@example.com,REPLACE_PASSWORD_004,25,250,active
5,darkgpt_user_005,user005@example.com,REPLACE_PASSWORD_005,25,250,active
6,darkgpt_user_006,user006@example.com,REPLACE_PASSWORD_006,25,250,active
7,darkgpt_user_007,user007@example.com,REPLACE_PASSWORD_007,25,250,active
8,darkgpt_user_008,user008@example.com,REPLACE_PASSWORD_008,25,250,active
9,darkgpt_user_009,user009@example.com,REPLACE_PASSWORD_009,25,250,active
10,darkgpt_user_010,user010@example.com,REPLACE_PASSWORD_010,25,250,active
11,darkgpt_user_011,user011@example.com,REPLACE_PASSWORD_011,25,250,active
12,darkgpt_user_012,user012@example.com,REPLACE_PASSWORD_012,25,250,active
13,darkgpt_user_013,user013@example.com,REPLACE_PASSWORD_013,25,250,active
14,darkgpt_user_014,user014@example.com,REPLACE_PASSWORD_014,25,250,active
15,darkgpt_user_015,user015@example.com,REPLACE_PASSWORD_015,25,250,active
16,darkgpt_user_016,user016@example.com,REPLACE_PASSWORD_016,25,250,active
17,darkgpt_user_017,user017@example.com,REPLACE_PASSWORD_017,25,250,active
18,darkgpt_user_018,user018@example.com,REPLACE_PASSWORD_018,25,250,active
19,darkgpt_user_019,user019@example.com,REPLACE_PASSWORD_019,25,250,active
20,darkgpt_user_020,user020@example.com,REPLACE_PASSWORD_020,25,250,active
21,darkgpt_user_021,user021@example.com,REPLACE_PASSWORD_021,25,250,active
22,darkgpt_user_022,user022@example.com,REPLACE_PASSWORD_022,25,250,active
23,darkgpt_user_023,user023@example.com,REPLACE_PASSWORD_023,25,250,active
24,darkgpt_user_024,user024@example.com,REPLACE_PASSWORD_024,25,250,active
25,darkgpt_user_025,user025@example.com,REPLACE_PASSWORD_025,25,250,active
26,darkgpt_user_026,user026@example.com,REPLACE_PASSWORD_026,25,250,active
27,darkgpt_user_027,user027@example.com,REPLACE_PASSWORD_027,25,250,active
28,darkgpt_user_028,user028@example.com,REPLACE_PASSWORD_028,25,250,active
29,darkgpt_user_029,user029@example.com,REPLACE_PASSWORD_029,25,250,active
30,darkgpt_user_030,user030@example.com,REPLACE_PASSWORD_030,25,250,active
31,darkgpt_user_031,user031@example.com,REPLACE_PASSWORD_031,25,250,active
32,darkgpt_user_032,user032@example.com,REPLACE_PASSWORD_032,25,250,active
33,darkgpt_user_033,user033@example.com,REPLACE_PASSWORD_033,25,250,active
34,darkgpt_user_034,user034@example.com,REPLACE_PASSWORD_034,25,250,active
35,darkgpt_user_035,user035@example.com,REPLACE_PASSWORD_035,25,250,active
36,darkgpt_user_036,user036@example.com,REPLACE_PASSWORD_036,25,250,active
37,darkgpt_user_037,user037@example.com,REPLACE_PASSWORD_037,25,250,active
38,darkgpt_user_038,user038@example.com,REPLACE_PASSWORD_038,25,250,active
39,darkgpt_user_039,user039@example.com,REPLACE_PASSWORD_039,25,250,active
40,darkgpt_user_040,user040@example.com,REPLACE_PASSWORD_040,25,250,active
41,darkgpt_user_041,user041@example.com,REPLACE_PASSWORD_041,25,250,active
42,darkgpt_user_042,user042@example.com,REPLACE_PASSWORD_042,25,250,active
43,darkgpt_user_043,user043@example.com,REPLACE_PASSWORD_043,25,250,active
44,darkgpt_user_044,user044@example.com,REPLACE_PASSWORD_044,25,250,active
45,darkgpt_user_045,user045@example.com,REPLACE_PASSWORD_045,25,250,active
46,darkgpt_user_046,user046@example.com,REPLACE_PASSWORD_046,25,250,active
47,darkgpt_user_047,user047@example.com,REPLACE_PASSWORD_047,25,250,active
48,darkgpt_user_048,user048@example.com,REPLACE_PASSWORD_048,25,250,active
49,darkgpt_user_049,user049@example.com,REPLACE_PASSWORD_049,25,250,active
50,darkgpt_user_050,user050@example.com,REPLACE_PASSWORD_050,25,250,active
51,darkgpt_user_051,user051@example.com,REPLACE_PASSWORD_051,25,250,active
52,darkgpt_user_052,user052@example.com,REPLACE_PASSWORD_052,25,250,active
53,darkgpt_user_053,user053@example.com,REPLACE_PASSWORD_053,25,250,active
54,darkgpt_user_054,user054@example.com,REPLACE_PASSWORD_054,25,250,active
55,darkgpt_user_055,user055@example.com,REPLACE_PASSWORD_055,25,250,active
56,darkgpt_user_056,user056@example.com,REPLACE_PASSWORD_056,25,250,active
57,darkgpt_user_057,user057@example.com,REPLACE_PASSWORD_057,25,250,active
58,darkgpt_user_058,user058@example.com,REPLACE_PASSWORD_058,25,250,active
59,darkgpt_user_059,user059@example.com,REPLACE_PASSWORD_059,25,250,active
60,darkgpt_user_060,user060@example.com,REPLACE_PASSWORD_060,25,250,active
61,darkgpt_user_061,user061@example.com,REPLACE_PASSWORD_061,25,250,active
62,darkgpt_user_062,user062@example.com,REPLACE_PASSWORD_062,25,250,active
63,darkgpt_user_063,user063@example.com,REPLACE_PASSWORD_063,25,250,active
64,darkgpt_user_064,user064@example.com,REPLACE_PASSWORD_064,25,250,active
65,darkgpt_user_065,user065@example.com,REPLACE_PASSWORD_065,25,250,active
66,darkgpt_user_066,user066@example.com,REPLACE_PASSWORD_066,25,250,active
67,darkgpt_user_067,user067@example.com,REPLACE_PASSWORD_067,25,250,active
68,darkgpt_user_068,user068@example.com,REPLACE_PASSWORD_068,25,250,active
69,darkgpt_user_069,user069@example.com,REPLACE_PASSWORD_069,25,250,active
70,darkgpt_user_070,user070@example.com,REPLACE_PASSWORD_070,25,250,active
71,darkgpt_user_071,user071@example.com,REPLACE_PASSWORD_071,25,250,active
72,darkgpt_user_072,user072@example.com,REPLACE_PASSWORD_072,25,250,active
73,darkgpt_user_073,user073@example.com,REPLACE_PASSWORD_073,25,250,active
74,darkgpt_user_074,user074@example.com,REPLACE_PASSWORD_074,25,250,active
75,darkgpt_user_075,user075@example.com,REPLACE_PASSWORD_075,25,250,active
76,darkgpt_user_076,user076@example.com,REPLACE_PASSWORD_076,25,250,active
77,darkgpt_user_077,user077@example.com,REPLACE_PASSWORD_077,25,250,active
78,darkgpt_user_078,user078@example.com,REPLACE_PASSWORD_078,25,250,active
79,darkgpt_user_079,user079@example.com,REPLACE_PASSWORD_079,25,250,active
80,darkgpt_user_080,user080@example.com,REPLACE_PASSWORD_080,25,250,active
81,darkgpt_user_081,user081@example.com,REPLACE_PASSWORD_081,25,250,active
82,darkgpt_user_082,user082@example.com,REPLACE_PASSWORD_082,25,250,active
83,darkgpt_user_083,user083@example.com,REPLACE_PASSWORD_083,25,250,active
84,darkgpt_user_084,user084@example.com,REPLACE_PASSWORD_084,25,250,active
85,darkgpt_user_085,user085@example.com,REPLACE_PASSWORD_085,25,250,active
86,darkgpt_user_086,user086@example.com,REPLACE_PASSWORD_086,25,250,active
87,darkgpt_user_087,user087@example.com,REPLACE_PASSWORD_087,25,250,active
88,darkgpt_user_088,user088@example.com,REPLACE_PASSWORD_088,25,250,active
89,darkgpt_user_089,user089@example.com,REPLACE_PASSWORD_089,25,250,active
90,darkgpt_user_090,user090@example.com,REPLACE_PASSWORD_090,25,250,active
91,darkgpt_user_091,user091@example.com,REPLACE_PASSWORD_091,25,250,active
92,darkgpt_user_092,user092@example.com,REPLACE_PASSWORD_092,25,250,active
93,darkgpt_user_093,user093@example.com,REPLACE_PASSWORD_093,25,250,active
94,darkgpt_user_094,user094@example.com,REPLACE_PASSWORD_094,25,250,active
95,darkgpt_user_095,user095@example.com,REPLACE_PASSWORD_095,25,250,active
96,darkgpt_user_096,user096@example.com,REPLACE_PASSWORD_096,25,250,active
97,darkgpt_user_097,user097@example.com,REPLACE_PASSWORD_097,25,250,active
98,darkgpt_user_098,user098@example.com,REPLACE_PASSWORD_098,25,250,active
99,darkgpt_user_099,user099@example.com,REPLACE_PASSWORD_099,25,250,active
100,darkgpt_user_100,user100@example.com,REPLACE_PASSWORD_100,25,250,active
101,darkgpt_user_101,user101@example.com,REPLACE_PASSWORD_101,25,250,active
102,darkgpt_user_102,user102@example.com,REPLACE_PASSWORD_102,25,250,active
103,darkgpt_user_103,user103@example.com,REPLACE_PASSWORD_103,25,250,active
104,darkgpt_user_104,user104@example.com,REPLACE_PASSWORD_104,25,250,active
105,darkgpt_user_105,user105@example.com,REPLACE_PASSWORD_105,25,250,active
106,darkgpt_user_106,user106@example.com,REPLACE_PASSWORD_106,25,250,active
107,darkgpt_user_107,user107@example.com,REPLACE_PASSWORD_107,25,250,active
108,darkgpt_user_108,user108@example.com,REPLACE_PASSWORD_108,25,250,active
109,darkgpt_user_109,user109@example.com,REPLACE_PASSWORD_109,25,250,active
110,darkgpt_user_110,user110@example.com,REPLACE_PASSWORD_110,25,250,active
111,darkgpt_user_111,user111@example.com,REPLACE_PASSWORD_111,25,250,active
112,darkgpt_user_112,user112@example.com,REPLACE_PASSWORD_112,25,250,active
113,darkgpt_user_113,user113@example.com,REPLACE_PASSWORD_113,25,250,active
114,darkgpt_user_114,user114@example.com,REPLACE_PASSWORD_114,25,250,active
115,darkgpt_user_115,user115@example.com,REPLACE_PASSWORD_115,25,250,active
116,darkgpt_user_116,user116@example.com,REPLACE_PASSWORD_116,25,250,active
117,darkgpt_user_117,user117@example.com,REPLACE_PASSWORD_117,25,250,active
118,darkgpt_user_118,user118@example.com,REPLACE_PASSWORD_118,25,250,active
119,darkgpt_user_119,user119@example.com,REPLACE_PASSWORD_119,25,250,active
120,darkgpt_user_120,user120@example.com,REPLACE_PASSWORD_120,25,250,active
121,darkgpt_user_121,user121@example.com,REPLACE_PASSWORD_121,25,250,active
122,darkgpt_user_122,user122@example.com,REPLACE_PASSWORD_122,25,250,active
123,darkgpt_user_123,user123@example.com,REPLACE_PASSWORD_123,25,250,active
124,darkgpt_user_124,user124@example.com,REPLACE_PASSWORD_124,25,250,active
125,darkgpt_user_125,user125@example.com,REPLACE_PASSWORD_125,25,250,active
126,darkgpt_user_126,user126@example.com,REPLACE_PASSWORD_126,25,250,active
127,darkgpt_user_127,user127@example.com,REPLACE_PASSWORD_127,25,250,active
128,darkgpt_user_128,user128@example.com,REPLACE_PASSWORD_128,25,250,active
129,darkgpt_user_129,user129@example.com,REPLACE_PASSWORD_129,25,250,active
130,darkgpt_user_130,user130@example.com,REPLACE_PASSWORD_130,25,250,active
131,darkgpt_user_131,user131@example.com,REPLACE_PASSWORD_131,25,250,active
132,darkgpt_user_132,user132@example.com,REPLACE_PASSWORD_132,25,250,active
133,darkgpt_user_133,user133@example.com,REPLACE_PASSWORD_133,25,250,active
134,darkgpt_user_134,user134@example.com,REPLACE_PASSWORD_134,25,250,active
135,darkgpt_user_135,user135@example.com,REPLACE_PASSWORD_135,25,250,active
136,darkgpt_user_136,user136@example.com,REPLACE_PASSWORD_136,25,250,active
137,darkgpt_user_137,user137@example.com,REPLACE_PASSWORD_137,25,250,active
138,darkgpt_user_138,user138@example.com,REPLACE_PASSWORD_138,25,250,active
139,darkgpt_user_139,user139@example.com,REPLACE_PASSWORD_139,25,250,active
140,darkgpt_user_140,user140@example.com,REPLACE_PASSWORD_140,25,250,active
141,darkgpt_user_141,user141@example.com,REPLACE_PASSWORD_141,25,250,active
142,darkgpt_user_142,user142@example.com,REPLACE_PASSWORD_142,25,250,active
143,darkgpt_user_143,user143@example.com,REPLACE_PASSWORD_143,25,250,active
144,darkgpt_user_144,user144@example.com,REPLACE_PASSWORD_144,25,250,active
145,darkgpt_user_145,user145@example.com,REPLACE_PASSWORD_145,25,250,active
146,darkgpt_user_146,user146@example.com,REPLACE_PASSWORD_146,25,250,active
147,darkgpt_user_147,user147@example.com,REPLACE_PASSWORD_147,25,250,active
148,darkgpt_user_148,user148@example.com,REPLACE_PASSWORD_148,25,250,active
149,darkgpt_user_149,user149@example.com,REPLACE_PASSWORD_149,25,250,active
150,darkgpt_user_150,user150@example.com,REPLACE_PASSWORD_150,25,250,active
151,darkgpt_user_151,user151@example.com,REPLACE_PASSWORD_151,25,250,active
152,darkgpt_user_152,user152@example.com,REPLACE_PASSWORD_152,25,250,active
153,darkgpt_user_153,user153@example.com,REPLACE_PASSWORD_153,25,250,active
154,darkgpt_user_154,user154@example.com,REPLACE_PASSWORD_154,25,250,active
155,darkgpt_user_155,user155@example.com,REPLACE_PASSWORD_155,25,250,active
156,darkgpt_user_156,user156@example.com,REPLACE_PASSWORD_156,25,250,active
157,darkgpt_user_157,user157@example.com,REPLACE_PASSWORD_157,25,250,active
158,darkgpt_user_158,user158@example.com,REPLACE_PASSWORD_158,25,250,active
159,darkgpt_user_159,user159@example.com,REPLACE_PASSWORD_159,25,250,active
160,darkgpt_user_160,user160@example.com,REPLACE_PASSWORD_160,25,250,active
161,darkgpt_user_161,user161@example.com,REPLACE_PASSWORD_161,25,250,active
162,darkgpt_user_162,user162@example.com,REPLACE_PASSWORD_162,25,250,active
163,darkgpt_user_163,user163@example.com,REPLACE_PASSWORD_163,25,250,active
164,darkgpt_user_164,user164@example.com,REPLACE_PASSWORD_164,25,250,active
165,darkgpt_user_165,user165@example.com,REPLACE_PASSWORD_165,25,250,active
166,darkgpt_user_166,user166@example.com,REPLACE_PASSWORD_166,25,250,active
167,darkgpt_user_167,user167@example.com,REPLACE_PASSWORD_167,25,250,active
168,darkgpt_user_168,user168@example.com,REPLACE_PASSWORD_168,25,250,active
169,darkgpt_user_169,user169@example.com,REPLACE_PASSWORD_169,25,250,active
170,darkgpt_user_170,user170@example.com,REPLACE_PASSWORD_170,25,250,active
171,darkgpt_user_171,user171@example.com,REPLACE_PASSWORD_171,25,250,active
172,darkgpt_user_172,user172@example.com,REPLACE_PASSWORD_172,25,250,active
173,darkgpt_user_173,user173@example.com,REPLACE_PASSWORD_173,25,250,active
174,darkgpt_user_174,user174@example.com,REPLACE_PASSWORD_174,25,250,active
175,darkgpt_user_175,user175@example.com,REPLACE_PASSWORD_175,25,250,active
176,darkgpt_user_176,user176@example.com,REPLACE_PASSWORD_176,25,250,active
177,darkgpt_user_177,user177@example.com,REPLACE_PASSWORD_177,25,250,active
178,darkgpt_user_178,user178@example.com,REPLACE_PASSWORD_178,25,250,active
179,darkgpt_user_179,user179@example.com,REPLACE_PASSWORD_179,25,250,active
180,darkgpt_user_180,user180@example.com,REPLACE_PASSWORD_180,25,250,active
181,darkgpt_user_181,user181@example.com,REPLACE_PASSWORD_181,25,250,active
182,darkgpt_user_182,user182@example.com,REPLACE_PASSWORD_182,25,250,active
183,darkgpt_user_183,user183@example.com,REPLACE_PASSWORD_183,25,250,active
184,darkgpt_user_184,user184@example.com,REPLACE_PASSWORD_184,25,250,active
185,darkgpt_user_185,user185@example.com,REPLACE_PASSWORD_185,25,250,active
186,darkgpt_user_186,user186@example.com,REPLACE_PASSWORD_186,25,250,active
187,darkgpt_user_187,user187@example.com,REPLACE_PASSWORD_187,25,250,active
188,darkgpt_user_188,user188@example.com,REPLACE_PASSWORD_188,25,250,active
189,darkgpt_user_189,user189@example.com,REPLACE_PASSWORD_189,25,250,active
190,darkgpt_user_190,user190@example.com,REPLACE_PASSWORD_190,25,250,active
191,darkgpt_user_191,user191@example.com,REPLACE_PASSWORD_191,25,250,active
192,darkgpt_user_192,user192@example.com,REPLACE_PASSWORD_192,25,250,active
193,darkgpt_user_193,user193@example.com,REPLACE_PASSWORD_193,25,250,active
194,darkgpt_user_194,user194@example.com,REPLACE_PASSWORD_194,25,250,active
195,darkgpt_user_195,user195@example.com,REPLACE_PASSWORD_195,25,250,active
196,darkgpt_user_196,user196@example.com,REPLACE_PASSWORD_196,25,250,active
197,darkgpt_user_197,user197@example.com,REPLACE_PASSWORD_197,25,250,active
198,darkgpt_user_198,user198@example.com,REPLACE_PASSWORD_198,25,250,active
199,darkgpt_user_199,user199@example.com,REPLACE_PASSWORD_199,25,250,active
200,darkgpt_user_200,user200@example.com,REPLACE_PASSWORD_200,25,250,active
201,darkgpt_user_201,user201@example.com,REPLACE_PASSWORD_201,25,250,active
202,darkgpt_user_202,user202@example.com,REPLACE_PASSWORD_202,25,250,active
203,darkgpt_user_203,user203@example.com,REPLACE_PASSWORD_203,25,250,active
204,darkgpt_user_204,user204@example.com,REPLACE_PASSWORD_204,25,250,active
205,darkgpt_user_205,user205@example.com,REPLACE_PASSWORD_205,25,250,active
206,darkgpt_user_206,user206@example.com,REPLACE_PASSWORD_206,25,250,active
207,darkgpt_user_207,user207@example.com,REPLACE_PASSWORD_207,25,250,active
208,darkgpt_user_208,user208@example.com,REPLACE_PASSWORD_208,25,250,active
209,darkgpt_user_209,user209@example.com,REPLACE_PASSWORD_209,25,250,active
210,darkgpt_user_210,user210@example.com,REPLACE_PASSWORD_210,25,250,active
211,darkgpt_user_211,user211@example.com,REPLACE_PASSWORD_211,25,250,active
212,darkgpt_user_212,user212@example.com,REPLACE_PASSWORD_212,25,250,active
213,darkgpt_user_213,user213@example.com,REPLACE_PASSWORD_213,25,250,active
214,darkgpt_user_214,user214@example.com,REPLACE_PASSWORD_214,25,250,active
215,darkgpt_user_215,user215@example.com,REPLACE_PASSWORD_215,25,250,active
216,darkgpt_user_216,user216@example.com,REPLACE_PASSWORD_216,25,250,active
217,darkgpt_user_217,user217@example.com,REPLACE_PASSWORD_217,25,250,active
218,darkgpt_user_218,user218@example.com,REPLACE_PASSWORD_218,25,250,active
219,darkgpt_user_219,user219@example.com,REPLACE_PASSWORD_219,25,250,active
220,darkgpt_user_220,user220@example.com,REPLACE_PASSWORD_220,25,250,active
221,darkgpt_user_221,user221@example.com,REPLACE_PASSWORD_221,25,250,active
222,darkgpt_user_222,user222@example.com,REPLACE_PASSWORD_222,25,250,active
223,darkgpt_user_223,user223@example.com,REPLACE_PASSWORD_223,25,250,active
224,darkgpt_user_224,user224@example.com,REPLACE_PASSWORD_224,25,250,active
225,darkgpt_user_225,user225@example.com,REPLACE_PASSWORD_225,25,250,active
226,darkgpt_user_226,user226@example.com,REPLACE_PASSWORD_226,25,250,active
227,darkgpt_user_227,user227@example.com,REPLACE_PASSWORD_227,25,250,active
228,darkgpt_user_228,user228@example.com,REPLACE_PASSWORD_228,25,250,active
229,darkgpt_user_229,user229@example.com,REPLACE_PASSWORD_229,25,250,active
230,darkgpt_user_230,user230@example.com,REPLACE_PASSWORD_230,25,250,active
231,darkgpt_user_231,user231@example.com,REPLACE_PASSWORD_231,25,250,active
232,darkgpt_user_232,user232@example.com,REPLACE_PASSWORD_232,25,250,active
233,darkgpt_user_233,user233@example.com,REPLACE_PASSWORD_233,25,250,active
234,darkgpt_user_234,user234@example.com,REPLACE_PASSWORD_234,25,250,active
235,darkgpt_user_235,user235@example.com,REPLACE_PASSWORD_235,25,250,active
236,darkgpt_user_236,user236@example.com,REPLACE_PASSWORD_236,25,250,active
237,darkgpt_user_237,user237@example.com,REPLACE_PASSWORD_237,25,250,active
238,darkgpt_user_238,user238@example.com,REPLACE_PASSWORD_238,25,250,active
239,darkgpt_user_239,user239@example.com,REPLACE_PASSWORD_239,25,250,active
240,darkgpt_user_240,user240@example.com,REPLACE_PASSWORD_240,25,250,active
241,darkgpt_user_241,user241@example.com,REPLACE_PASSWORD_241,25,250,active
242,darkgpt_user_242,user242@example.com,REPLACE_PASSWORD_242,25,250,active
243,darkgpt_user_243,user243@example.com,REPLACE_PASSWORD_243,25,250,active
244,darkgpt_user_244,user244@example.com,REPLACE_PASSWORD_244,25,250,active
245,darkgpt_user_245,user245@example.com,REPLACE_PASSWORD_245,25,250,active
246,darkgpt_user_246,user246@example.com,REPLACE_PASSWORD_246,25,250,active
247,darkgpt_user_247,user247@example.com,REPLACE_PASSWORD_247,25,250,active
248,darkgpt_user_248,user248@example.com,REPLACE_PASSWORD_248,25,250,active
249,darkgpt_user_249,user249@example.com,REPLACE_PASSWORD_249,25,250,active
250,darkgpt_user_250,user250@example.com,REPLACE_PASSWORD_250,25,250,active
251,darkgpt_user_251,user251@example.com,REPLACE_PASSWORD_251,25,250,active
252,darkgpt_user_252,user252@example.com,REPLACE_PASSWORD_252,25,250,active
253,darkgpt_user_253,user253@example.com,REPLACE_PASSWORD_253,25,250,active
254,darkgpt_user_254,user254@example.com,REPLACE_PASSWORD_254,25,250,active
255,darkgpt_user_255,user255@example.com,REPLACE_PASSWORD_255,25,250,active
256,darkgpt_user_256,user256@example.com,REPLACE_PASSWORD_256,25,250,active
257,darkgpt_user_257,user257@example.com,REPLACE_PASSWORD_257,25,250,active
258,darkgpt_user_258,user258@example.com,REPLACE_PASSWORD_258,25,250,active
259,darkgpt_user_259,user259@example.com,REPLACE_PASSWORD_259,25,250,active
260,darkgpt_user_260,user260@example.com,REPLACE_PASSWORD_260,25,250,active
261,darkgpt_user_261,user261@example.com,REPLACE_PASSWORD_261,25,250,active
262,darkgpt_user_262,user262@example.com,REPLACE_PASSWORD_262,25,250,active
263,darkgpt_user_263,user263@example.com,REPLACE_PASSWORD_263,25,250,active
264,darkgpt_user_264,user264@example.com,REPLACE_PASSWORD_264,25,250,active
265,darkgpt_user_265,user265@example.com,REPLACE_PASSWORD_265,25,250,active
266,darkgpt_user_266,user266@example.com,REPLACE_PASSWORD_266,25,250,active
267,darkgpt_user_267,user267@example.com,REPLACE_PASSWORD_267,25,250,active
268,darkgpt_user_268,user268@example.com,REPLACE_PASSWORD_268,25,250,active
269,darkgpt_user_269,user269@example.com,REPLACE_PASSWORD_269,25,250,active
270,darkgpt_user_270,user270@example.com,REPLACE_PASSWORD_270,25,250,active
271,darkgpt_user_271,user271@example.com,REPLACE_PASSWORD_271,25,250,active
272,darkgpt_user_272,user272@example.com,REPLACE_PASSWORD_272,25,250,active
273,darkgpt_user_273,user273@example.com,REPLACE_PASSWORD_273,25,250,active
274,darkgpt_user_274,user274@example.com,REPLACE_PASSWORD_274,25,250,active
275,darkgpt_user_275,user275@example.com,REPLACE_PASSWORD_275,25,250,active
276,darkgpt_user_276,user276@example.com,REPLACE_PASSWORD_276,25,250,active
277,darkgpt_user_277,user277@example.com,REPLACE_PASSWORD_277,25,250,active
278,darkgpt_user_278,user278@example.com,REPLACE_PASSWORD_278,25,250,active
279,darkgpt_user_279,user279@example.com,REPLACE_PASSWORD_279,25,250,active
280,darkgpt_user_280,user280@example.com,REPLACE_PASSWORD_280,25,250,active
281,darkgpt_user_281,user281@example.com,REPLACE_PASSWORD_281,25,250,active
282,darkgpt_user_282,user282@example.com,REPLACE_PASSWORD_282,25,250,active
283,darkgpt_user_283,user283@example.com,REPLACE_PASSWORD_283,25,250,active
284,darkgpt_user_284,user284@example.com,REPLACE_PASSWORD_284,25,250,active
285,darkgpt_user_285,user285@example.com,REPLACE_PASSWORD_285,25,250,active
286,darkgpt_user_286,user286@example.com,REPLACE_PASSWORD_286,25,250,active
287,darkgpt_user_287,user287@example.com,REPLACE_PASSWORD_287,25,250,active
288,darkgpt_user_288,user288@example.com,REPLACE_PASSWORD_288,25,250,active
289,darkgpt_user_289,user289@example.com,REPLACE_PASSWORD_289,25,250,active
290,darkgpt_user_290,user290@example.com,REPLACE_PASSWORD_290,25,250,active
291,darkgpt_user_291,user291@example.com,REPLACE_PASSWORD_291,25,250,active
292,darkgpt_user_292,user292@example.com,REPLACE_PASSWORD_292,25,250,active
293,darkgpt_user_293,user293@example.com,REPLACE_PASSWORD_293,25,250,active
294,darkgpt_user_294,user294@example.com,REPLACE_PASSWORD_294,25,250,active
295,darkgpt_user_295,user295@example.com,REPLACE_PASSWORD_295,25,250,active
296,darkgpt_user_296,user296@example.com,REPLACE_PASSWORD_296,25,250,active
297,darkgpt_user_297,user297@example.com,REPLACE_PASSWORD_297,25,250,active
298,darkgpt_user_298,user298@example.com,REPLACE_PASSWORD_298,25,250,active
299,darkgpt_user_299,user299@example.com,REPLACE_PASSWORD_299,25,250,active
300,darkgpt_user_300,user300@example.com,REPLACE_PASSWORD_300,25,250,active
301,darkgpt_user_301,user301@example.com,REPLACE_PASSWORD_301,25,250,active
302,darkgpt_user_302,user302@example.com,REPLACE_PASSWORD_302,25,250,active
303,darkgpt_user_303,user303@example.com,REPLACE_PASSWORD_303,25,250,active
304,darkgpt_user_304,user304@example.com,REPLACE_PASSWORD_304,25,250,active
305,darkgpt_user_305,user305@example.com,REPLACE_PASSWORD_305,25,250,active
306,darkgpt_user_306,user306@example.com,REPLACE_PASSWORD_306,25,250,active
307,darkgpt_user_307,user307@example.com,REPLACE_PASSWORD_307,25,250,active
308,darkgpt_user_308,user308@example.com,REPLACE_PASSWORD_308,25,250,active
309,darkgpt_user_309,user309@example.com,REPLACE_PASSWORD_309,25,250,active
310,darkgpt_user_310,user310@example.com,REPLACE_PASSWORD_310,25,250,active
311,darkgpt_user_311,user311@example.com,REPLACE_PASSWORD_311,25,250,active
312,darkgpt_user_312,user312@example.com,REPLACE_PASSWORD_312,25,250,active
313,darkgpt_user_313,user313@example.com,REPLACE_PASSWORD_313,25,250,active
314,darkgpt_user_314,user314@example.com,REPLACE_PASSWORD_314,25,250,active
315,darkgpt_user_315,user315@example.com,REPLACE_PASSWORD_315,25,250,active
316,darkgpt_user_316,user316@example.com,REPLACE_PASSWORD_316,25,250,active
317,darkgpt_user_317,user317@example.com,REPLACE_PASSWORD_317,25,250,active
318,darkgpt_user_318,user318@example.com,REPLACE_PASSWORD_318,25,250,active
319,darkgpt_user_319,user319@example.com,REPLACE_PASSWORD_319,25,250,active
320,darkgpt_user_320,user320@example.com,REPLACE_PASSWORD_320,25,250,active
321,darkgpt_user_321,user321@example.com,REPLACE_PASSWORD_321,25,250,active
322,darkgpt_user_322,user322@example.com,REPLACE_PASSWORD_322,25,250,active
323,darkgpt_user_323,user323@example.com,REPLACE_PASSWORD_323,25,250,active
324,darkgpt_user_324,user324@example.com,REPLACE_PASSWORD_324,25,250,active
325,darkgpt_user_325,user325@example.com,REPLACE_PASSWORD_325,25,250,active
326,darkgpt_user_326,user326@example.com,REPLACE_PASSWORD_326,25,250,active
327,darkgpt_user_327,user327@example.com,REPLACE_PASSWORD_327,25,250,active
328,darkgpt_user_328,user328@example.com,REPLACE_PASSWORD_328,25,250,active
329,darkgpt_user_329,user329@example.com,REPLACE_PASSWORD_329,25,250,active
330,darkgpt_user_330,user330@example.com,REPLACE_PASSWORD_330,25,250,active
331,darkgpt_user_331,user331@example.com,REPLACE_PASSWORD_331,25,250,active
332,darkgpt_user_332,user332@example.com,REPLACE_PASSWORD_332,25,250,active
333,darkgpt_user_333,user333@example.com,REPLACE_PASSWORD_333,25,250,active
334,darkgpt_user_334,user334@example.com,REPLACE_PASSWORD_334,25,250,active
335,darkgpt_user_335,user335@example.com,REPLACE_PASSWORD_335,25,250,active
336,darkgpt_user_336,user336@example.com,REPLACE_PASSWORD_336,25,250,active
337,darkgpt_user_337,user337@example.com,REPLACE_PASSWORD_337,25,250,active
338,darkgpt_user_338,user338@example.com,REPLACE_PASSWORD_338,25,250,active
339,darkgpt_user_339,user339@example.com,REPLACE_PASSWORD_339,25,250,active
340,darkgpt_user_340,user340@example.com,REPLACE_PASSWORD_340,25,250,active
341,darkgpt_user_341,user341@example.com,REPLACE_PASSWORD_341,25,250,active
342,darkgpt_user_342,user342@example.com,REPLACE_PASSWORD_342,25,250,active
343,darkgpt_user_343,user343@example.com,REPLACE_PASSWORD_343,25,250,active
344,darkgpt_user_344,user344@example.com,REPLACE_PASSWORD_344,25,250,active
345,darkgpt_user_345,user345@example.com,REPLACE_PASSWORD_345,25,250,active
346,darkgpt_user_346,user346@example.com,REPLACE_PASSWORD_346,25,250,active
347,darkgpt_user_347,user347@example.com,REPLACE_PASSWORD_347,25,250,active
348,darkgpt_user_348,user348@example.com,REPLACE_PASSWORD_348,25,250,active
349,darkgpt_user_349,user349@example.com,REPLACE_PASSWORD_349,25,250,active
350,darkgpt_user_350,user350@example.com,REPLACE_PASSWORD_350,25,250,active
351,darkgpt_user_351,user351@example.com,REPLACE_PASSWORD_351,25,250,active
352,darkgpt_user_352,user352@example.com,REPLACE_PASSWORD_352,25,250,active
353,darkgpt_user_353,user353@example.com,REPLACE_PASSWORD_353,25,250,active
354,darkgpt_user_354,user354@example.com,REPLACE_PASSWORD_354,25,250,active
355,darkgpt_user_355,user355@example.com,REPLACE_PASSWORD_355,25,250,active
356,darkgpt_user_356,user356@example.com,REPLACE_PASSWORD_356,25,250,active
357,darkgpt_user_357,user357@example.com,REPLACE_PASSWORD_357,25,250,active
358,darkgpt_user_358,user358@example.com,REPLACE_PASSWORD_358,25,250,active
359,darkgpt_user_359,user359@example.com,REPLACE_PASSWORD_359,25,250,active
360,darkgpt_user_360,user360@example.com,REPLACE_PASSWORD_360,25,250,active
361,darkgpt_user_361,user361@example.com,REPLACE_PASSWORD_361,25,250,active
362,darkgpt_user_362,user362@example.com,REPLACE_PASSWORD_362,25,250,active
363,darkgpt_user_363,user363@example.com,REPLACE_PASSWORD_363,25,250,active
364,darkgpt_user_364,user364@example.com,REPLACE_PASSWORD_364,25,250,active
365,darkgpt_user_365,user365@example.com,REPLACE_PASSWORD_365,25,250,active
366,darkgpt_user_366,user366@example.com,REPLACE_PASSWORD_366,25,250,active
367,darkgpt_user_367,user367@example.com,REPLACE_PASSWORD_367,25,250,active
368,darkgpt_user_368,user368@example.com,REPLACE_PASSWORD_368,25,250,active
369,darkgpt_user_369,user369@example.com,REPLACE_PASSWORD_369,25,250,active
370,darkgpt_user_370,user370@example.com,REPLACE_PASSWORD_370,25,250,active
371,darkgpt_user_371,user371@example.com,REPLACE_PASSWORD_371,25,250,active
372,darkgpt_user_372,user372@example.com,REPLACE_PASSWORD_372,25,250,active
373,darkgpt_user_373,user373@example.com,REPLACE_PASSWORD_373,25,250,active
374,darkgpt_user_374,user374@example.com,REPLACE_PASSWORD_374,25,250,active
375,darkgpt_user_375,user375@example.com,REPLACE_PASSWORD_375,25,250,active
376,darkgpt_user_376,user376@example.com,REPLACE_PASSWORD_376,25,250,active
377,darkgpt_user_377,user377@example.com,REPLACE_PASSWORD_377,25,250,active
378,darkgpt_user_378,user378@example.com,REPLACE_PASSWORD_378,25,250,active
379,darkgpt_user_379,user379@example.com,REPLACE_PASSWORD_379,25,250,active
380,darkgpt_user_380,user380@example.com,REPLACE_PASSWORD_380,25,250,active
381,darkgpt_user_381,user381@example.com,REPLACE_PASSWORD_381,25,250,active
382,darkgpt_user_382,user382@example.com,REPLACE_PASSWORD_382,25,250,active
383,darkgpt_user_383,user383@example.com,REPLACE_PASSWORD_383,25,250,active
384,darkgpt_user_384,user384@example.com,REPLACE_PASSWORD_384,25,250,active
385,darkgpt_user_385,user385@example.com,REPLACE_PASSWORD_385,25,250,active
386,darkgpt_user_386,user386@example.com,REPLACE_PASSWORD_386,25,250,active
387,darkgpt_user_387,user387@example.com,REPLACE_PASSWORD_387,25,250,active
388,darkgpt_user_388,user388@example.com,REPLACE_PASSWORD_388,25,250,active
389,darkgpt_user_389,user389@example.com,REPLACE_PASSWORD_389,25,250,active
390,darkgpt_user_390,user390@example.com,REPLACE_PASSWORD_390,25,250,active
391,darkgpt_user_391,user391@example.com,REPLACE_PASSWORD_391,25,250,active
392,darkgpt_user_392,user392@example.com,REPLACE_PASSWORD_392,25,250,active
393,darkgpt_user_393,user393@example.com,REPLACE_PASSWORD_393,25,250,active
394,darkgpt_user_394,user394@example.com,REPLACE_PASSWORD_394,25,250,active
395,darkgpt_user_395,user395@example.com,REPLACE_PASSWORD_395,25,250,active
396,darkgpt_user_396,user396@example.com,REPLACE_PASSWORD_396,25,250,active
397,darkgpt_user_397,user397@example.com,REPLACE_PASSWORD_397,25,250,active
398,darkgpt_user_398,user398@example.com,REPLACE_PASSWORD_398,25,250,active
399,darkgpt_user_399,user399@example.com,REPLACE_PASSWORD_399,25,250,active
400,darkgpt_user_400,user400@example.com,REPLACE_PASSWORD_400,25,250,active
401,darkgpt_user_401,user401@example.com,REPLACE_PASSWORD_401,25,250,active
402,darkgpt_user_402,user402@example.com,REPLACE_PASSWORD_402,25,250,active
403,darkgpt_user_403,user403@example.com,REPLACE_PASSWORD_403,25,250,active
404,darkgpt_user_404,user404@example.com,REPLACE_PASSWORD_404,25,250,active
405,darkgpt_user_405,user405@example.com,REPLACE_PASSWORD_405,25,250,active
406,darkgpt_user_406,user406@example.com,REPLACE_PASSWORD_406,25,250,active
407,darkgpt_user_407,user407@example.com,REPLACE_PASSWORD_407,25,250,active
408,darkgpt_user_408,user408@example.com,REPLACE_PASSWORD_408,25,250,active
409,darkgpt_user_409,user409@example.com,REPLACE_PASSWORD_409,25,250,active
410,darkgpt_user_410,user410@example.com,REPLACE_PASSWORD_410,25,250,active
411,darkgpt_user_411,user411@example.com,REPLACE_PASSWORD_411,25,250,active
412,darkgpt_user_412,user412@example.com,REPLACE_PASSWORD_412,25,250,active
413,darkgpt_user_413,user413@example.com,REPLACE_PASSWORD_413,25,250,active
414,darkgpt_user_414,user414@example.com,REPLACE_PASSWORD_414,25,250,active
415,darkgpt_user_415,user415@example.com,REPLACE_PASSWORD_415,25,250,active
416,darkgpt_user_416,user416@example.com,REPLACE_PASSWORD_416,25,250,active
417,darkgpt_user_417,user417@example.com,REPLACE_PASSWORD_417,25,250,active
418,darkgpt_user_418,user418@example.com,REPLACE_PASSWORD_418,25,250,active
419,darkgpt_user_419,user419@example.com,REPLACE_PASSWORD_419,25,250,active
420,darkgpt_user_420,user420@example.com,REPLACE_PASSWORD_420,25,250,active
421,darkgpt_user_421,user421@example.com,REPLACE_PASSWORD_421,25,250,active
422,darkgpt_user_422,user422@example.com,REPLACE_PASSWORD_422,25,250,active
423,darkgpt_user_423,user423@example.com,REPLACE_PASSWORD_423,25,250,active
424,darkgpt_user_424,user424@example.com,REPLACE_PASSWORD_424,25,250,active
425,darkgpt_user_425,user425@example.com,REPLACE_PASSWORD_425,25,250,active
426,darkgpt_user_426,user426@example.com,REPLACE_PASSWORD_426,25,250,active
427,darkgpt_user_427,user427@example.com,REPLACE_PASSWORD_427,25,250,active
428,darkgpt_user_428,user428@example.com,REPLACE_PASSWORD_428,25,250,active
429,darkgpt_user_429,user429@example.com,REPLACE_PASSWORD_429,25,250,active
430,darkgpt_user_430,user430@example.com,REPLACE_PASSWORD_430,25,250,active
431,darkgpt_user_431,user431@example.com,REPLACE_PASSWORD_431,25,250,active
432,darkgpt_user_432,user432@example.com,REPLACE_PASSWORD_432,25,250,active
433,darkgpt_user_433,user433@example.com,REPLACE_PASSWORD_433,25,250,active
434,darkgpt_user_434,user434@example.com,REPLACE_PASSWORD_434,25,250,active
435,darkgpt_user_435,user435@example.com,REPLACE_PASSWORD_435,25,250,active
436,darkgpt_user_436,user436@example.com,REPLACE_PASSWORD_436,25,250,active
437,darkgpt_user_437,user437@example.com,REPLACE_PASSWORD_437,25,250,active
438,darkgpt_user_438,user438@example.com,REPLACE_PASSWORD_438,25,250,active
439,darkgpt_user_439,user439@example.com,REPLACE_PASSWORD_439,25,250,active
440,darkgpt_user_440,user440@example.com,REPLACE_PASSWORD_440,25,250,active
441,darkgpt_user_441,user441@example.com,REPLACE_PASSWORD_441,25,250,active
442,darkgpt_user_442,user442@example.com,REPLACE_PASSWORD_442,25,250,active
443,darkgpt_user_443,user443@example.com,REPLACE_PASSWORD_443,25,250,active
444,darkgpt_user_444,user444@example.com,REPLACE_PASSWORD_444,25,250,active
445,darkgpt_user_445,user445@example.com,REPLACE_PASSWORD_445,25,250,active
446,darkgpt_user_446,user446@example.com,REPLACE_PASSWORD_446,25,250,active
447,darkgpt_user_447,user447@example.com,REPLACE_PASSWORD_447,25,250,active
448,darkgpt_user_448,user448@example.com,REPLACE_PASSWORD_448,25,250,active
449,darkgpt_user_449,user449@example.com,REPLACE_PASSWORD_449,25,250,active
450,darkgpt_user_450,user450@example.com,REPLACE_PASSWORD_450,25,250,active
451,darkgpt_user_451,user451@example.com,REPLACE_PASSWORD_451,25,250,active
452,darkgpt_user_452,user452@example.com,REPLACE_PASSWORD_452,25,250,active
453,darkgpt_user_453,user453@example.com,REPLACE_PASSWORD_453,25,250,active
454,darkgpt_user_454,user454@example.com,REPLACE_PASSWORD_454,25,250,active
455,darkgpt_user_455,user455@example.com,REPLACE_PASSWORD_455,25,250,active
456,darkgpt_user_456,user456@example.com,REPLACE_PASSWORD_456,25,250,active
457,darkgpt_user_457,user457@example.com,REPLACE_PASSWORD_457,25,250,active
458,darkgpt_user_458,user458@example.com,REPLACE_PASSWORD_458,25,250,active
459,darkgpt_user_459,user459@example.com,REPLACE_PASSWORD_459,25,250,active
460,darkgpt_user_460,user460@example.com,REPLACE_PASSWORD_460,25,250,active
461,darkgpt_user_461,user461@example.com,REPLACE_PASSWORD_461,25,250,active
462,darkgpt_user_462,user462@example.com,REPLACE_PASSWORD_462,25,250,active
463,darkgpt_user_463,user463@example.com,REPLACE_PASSWORD_463,25,250,active
464,darkgpt_user_464,user464@example.com,REPLACE_PASSWORD_464,25,250,active
465,darkgpt_user_465,user465@example.com,REPLACE_PASSWORD_465,25,250,active
466,darkgpt_user_466,user466@example.com,REPLACE_PASSWORD_466,25,250,active
467,darkgpt_user_467,user467@example.com,REPLACE_PASSWORD_467,25,250,active
468,darkgpt_user_468,user468@example.com,REPLACE_PASSWORD_468,25,250,active
469,darkgpt_user_469,user469@example.com,REPLACE_PASSWORD_469,25,250,active
470,darkgpt_user_470,user470@example.com,REPLACE_PASSWORD_470,25,250,active
471,darkgpt_user_471,user471@example.com,REPLACE_PASSWORD_471,25,250,active
472,darkgpt_user_472,user472@example.com,REPLACE_PASSWORD_472,25,250,active
473,darkgpt_user_473,user473@example.com,REPLACE_PASSWORD_473,25,250,active
474,darkgpt_user_474,user474@example.com,REPLACE_PASSWORD_474,25,250,active
475,darkgpt_user_475,user475@example.com,REPLACE_PASSWORD_475,25,250,active
476,darkgpt_user_476,user476@example.com,REPLACE_PASSWORD_476,25,250,active
477,darkgpt_user_477,user477@example.com,REPLACE_PASSWORD_477,25,250,active
478,darkgpt_user_478,user478@example.com,REPLACE_PASSWORD_478,25,250,active
479,darkgpt_user_479,user479@example.com,REPLACE_PASSWORD_479,25,250,active
480,darkgpt_user_480,user480@example.com,REPLACE_PASSWORD_480,25,250,active
481,darkgpt_user_481,user481@example.com,REPLACE_PASSWORD_481,25,250,active
482,darkgpt_user_482,user482@example.com,REPLACE_PASSWORD_482,25,250,active
483,darkgpt_user_483,user483@example.com,REPLACE_PASSWORD_483,25,250,active
484,darkgpt_user_484,user484@example.com,REPLACE_PASSWORD_484,25,250,active
485,darkgpt_user_485,user485@example.com,REPLACE_PASSWORD_485,25,250,active
486,darkgpt_user_486,user486@example.com,REPLACE_PASSWORD_486,25,250,active
487,darkgpt_user_487,user487@example.com,REPLACE_PASSWORD_487,25,250,active
488,darkgpt_user_488,user488@example.com,REPLACE_PASSWORD_488,25,250,active
489,darkgpt_user_489,user489@example.com,REPLACE_PASSWORD_489,25,250,active
490,darkgpt_user_490,user490@example.com,REPLACE_PASSWORD_490,25,250,active
491,darkgpt_user_491,user491@example.com,REPLACE_PASSWORD_491,25,250,active
492,darkgpt_user_492,user492@example.com,REPLACE_PASSWORD_492,25,250,active
493,darkgpt_user_493,user493@example.com,REPLACE_PASSWORD_493,25,250,active
494,darkgpt_user_494,user494@example.com,REPLACE_PASSWORD_494,25,250,active
495,darkgpt_user_495,user495@example.com,REPLACE_PASSWORD_495,25,250,active
496,darkgpt_user_496,user496@example.com,REPLACE_PASSWORD_496,25,250,active
497,darkgpt_user_497,user497@example.com,REPLACE_PASSWORD_497,25,250,active
498,darkgpt_user_498,user498@example.com,REPLACE_PASSWORD_498,25,250,active
499,darkgpt_user_499,user499@example.com,REPLACE_PASSWORD_499,25,250,active
500,darkgpt_user_500,user500@example.com,REPLACE_PASSWORD_500,25,250,active
